url_path,views_total,views_unique
/Ash-codes18/Lpu-colab-CPP-DSA-Soln,16,14
/Ash-codes18/Lpu-colab-CPP-DSA-Soln/tree/main/CSE-205%20DSA/Unit-1,8,6
/Ash-codes18/Lpu-colab-CPP-DSA-Soln/tree/main/CSE-205%20DSA,7,6
/Ash-codes18/Lpu-colab-CPP-DSA-Soln/blob/main/CSE-205%20DSA/Unit-1/Lecture%203/COD/Ans1.cpp,4,2
/Ash-codes18/Lpu-colab-CPP-DSA-Soln/tree/main/CSE-205%20DSA/Unit-1/Lecture%203,3,3
/Ash-codes18/Lpu-colab-CPP-DSA-Soln/tree/main/CSE-205%20DSA/Unit-1/Lecture%203/COD,2,2
/Ash-codes18/Lpu-colab-CPP-DSA-Soln/tree/main/CSE-205%20DSA/Unit-2,2,2
/Ash-codes18/Lpu-colab-CPP-DSA-Soln/tree/main/CSE-205%20DSA/Unit-2/Lecture%2010,2,2
/Ash-codes18/Lpu-colab-CPP-DSA-Soln/blob/main/CSE-205%20DSA/Unit-6/Lecture-37/Varsha.cpp,2,1
/Ash-codes18/Lpu-colab-CPP-DSA-Soln/blob/5b43ecda732ca9c5ed18769164d745571a44af81/Keyword-Based%20Answers/CPP/Unit%201/Class%20Event.cpp,1,1
